{
    "Fahrraddiebstähle": 1,
    "27-45": 0.6413618332198806,
    "ausländer": 0.5627503405528557,
    "45-55": 0.5085617657365484,
    "18-27": 0.4681447803498047,
    "Gesamt": 0.4387348001812668,
    "EW 31.12.2020": 0.4369791016360718,
    "weiblich": 0.4049176439446239,
    "K16": 0.37696950994311307,
    "unter6": 0.37147374618258067,
    "K03": 0.3467436352834476,
    "K05": 0.30095378115695504,
    "K11": 0.2819220185735178,
    "6-15": 0.25077117913345326,
    "15-18": 0.21633999893245107,
    "55-65": 0.21289025032977982,
    "K04": 0.16753746496803468,
    "K01": 0.07545282871364833,
    "zD1": 0.03770329484758395,
    "zD4": 0.025613928519194366,
    "Dynamik-Index (standardisierte Dynamik-summe)": 0.02326855857081878,
    "Dynamik-summe": 0.023216417471883823,
    "zS1": -0.0031950859188425384,
    "zS3": -0.01275006321576543,
    "zD3": -0.015418715042035035,
    "Status-Index (standardisierte Statussumme)": -0.020847229154872356,
    "Status-summe": -0.020868672424851402,
    "65undmehr": -0.04489904704854133,
    "zS4": -0.04615481166444269,
    "K09": -0.05865086365267086,
    "K12": -0.07979542693512275,
    "K02": -0.08563855910497309,
    "K17": -0.16636316463343812,
    "K06": -0.1855113155464205,
    "K13": -0.19773225026936958,
    "K07": -0.2658806092591296,
    "K10": -0.35002284496506175
}